{"pitch": -0.2421776933320818, "yaw": -0.06870051603578389}